{
  "arrival_v_inf_km_s": [
    -0.49825024715082034,
    -0.5544545728433232,
    -0.3166777444207762
  ],
  "arrival_v_inf_magnitude_km_s": 0.8099123260848399,
  "departure_position_km": [
    -4947.9535435061525,
    4053.0644613947075,
    1920.398043235261
  ],
  "departure_velocity_km_s": [
    -5.1791178775370375,
    -4.963716277224432,
    -2.868036985421945
  ],
  "target_body_position_km": [
    324338.9680973699,
    -204314.177594664,
    -93366.35711148934
  ],
  "target_body_velocity_km_s": [
    0.5205392495744966,
    0.7370803420811528,
    0.4144712802156164
  ],
  "target_elapsed_s": 490897.5859308382,
  "tli_delta_v_magnitude_km_s": 3.1499802438175233,
  "tli_delta_v_vnb_km_s": [
    3.092757101421149,
    -7.610334121841048e-16,
    -0.5976864128033639
  ],
  "transfer_angle_deg": 187.50000000000003,
  "transfer_velocity_km_s": [
    -6.809572529019229,
    -7.313523865845575,
    -4.188036024194048
  ]
}
