TargetSat.UTCGregorian,TargetSat.ElapsedSecs,TargetSat.EarthMJ2000Eq.X,TargetSat.EarthMJ2000Eq.Y,TargetSat.EarthMJ2000Eq.Z,TargetSat.EarthMJ2000Eq.VX,TargetSat.EarthMJ2000Eq.VY,TargetSat.EarthMJ2000Eq.VZ,TargetSat.Earth.SMA,TargetSat.Earth.ECC,TargetSat.EarthMJ2000Eq.INC,TargetSat.EarthMJ2000Eq.RAAN,TargetSat.EarthMJ2000Eq.AOP,TargetSat.Earth.TA
03 Jan 2026 08:47:42.975  204462.9749284359         34263.38401045289         23128.06055008842         -8302.441455144495        -1.739874667007697        2.531825092194087         -0.1274070795822701       42164.16967811084         5.300832224754825e-10     11.60833458607555         136.1446280400469         251.4666742975416         6.649246895141363
