TargetSat.UTCGregorian,TargetSat.ElapsedSecs,TargetSat.EarthMJ2000Eq.X,TargetSat.EarthMJ2000Eq.Y,TargetSat.EarthMJ2000Eq.Z,TargetSat.EarthMJ2000Eq.VX,TargetSat.EarthMJ2000Eq.VY,TargetSat.EarthMJ2000Eq.VZ,TargetSat.Earth.SMA,TargetSat.Earth.ECC,TargetSat.EarthMJ2000Eq.INC,TargetSat.EarthMJ2000Eq.RAAN,TargetSat.EarthMJ2000Eq.AOP,TargetSat.Earth.TA
01 Jan 2026 00:00:00.000  0                         229.877533692947          6545.416444041731         1304.677866352092         -7.265140278727683        -0.2659392861543323       2.614266704359063         6678.136300000002         2.387398042575407e-16     23.00000000000001         59.99999999999999         0                         30.00000000000002
