TargetSat.UTCGregorian,TargetSat.ElapsedSecs,TargetSat.EarthMJ2000Eq.X,TargetSat.EarthMJ2000Eq.Y,TargetSat.EarthMJ2000Eq.Z,TargetSat.EarthMJ2000Eq.VX,TargetSat.EarthMJ2000Eq.VY,TargetSat.EarthMJ2000Eq.VZ,TargetSat.Earth.SMA,TargetSat.Earth.ECC,TargetSat.EarthMJ2000Eq.INC,TargetSat.EarthMJ2000Eq.RAAN,TargetSat.EarthMJ2000Eq.AOP,TargetSat.Earth.TA
01 Jan 2026 05:14:24.377  18864.37730798498         -15547.7802650276         -26929.54536029326        7.749372468168758e-07     0.820109967222926         -2.93983236561648         1.036101870965922e-09     24421.15283202167         0.7265429664341622        0                         0                         90.00000000172656         149.9999999949096
