TargetSat.UTCGregorian,TargetSat.ElapsedSecs,TargetSat.EarthMJ2000Eq.X,TargetSat.EarthMJ2000Eq.Y,TargetSat.EarthMJ2000Eq.Z,TargetSat.EarthMJ2000Eq.VX,TargetSat.EarthMJ2000Eq.VY,TargetSat.EarthMJ2000Eq.VZ,TargetSat.Earth.SMA,TargetSat.Earth.ECC,TargetSat.EarthMJ2000Eq.INC,TargetSat.EarthMJ2000Eq.RAAN,TargetSat.EarthMJ2000Eq.AOP,TargetSat.Earth.TA
01 Jan 2026 08:47:42.975  31662.97492875019         35063.84978766668         21920.04654828125         -8237.426792096359        -1.652898773243761        2.588341112848592         -0.1481575083060033       42164.16967811087         5.300839453824683e-10     11.60833458607552         136.1446280400469         251.4674467066748         4.677181153511089
