TargetSat.UTCGregorian,TargetSat.ElapsedSecs,TargetSat.EarthMJ2000Eq.X,TargetSat.EarthMJ2000Eq.Y,TargetSat.EarthMJ2000Eq.Z,TargetSat.EarthMJ2000Eq.VX,TargetSat.EarthMJ2000Eq.VY,TargetSat.EarthMJ2000Eq.VZ,TargetSat.Earth.SMA,TargetSat.Earth.ECC,TargetSat.EarthMJ2000Eq.INC,TargetSat.EarthMJ2000Eq.RAAN,TargetSat.EarthMJ2000Eq.AOP,TargetSat.Earth.TA
01 Jan 2026 03:00:00.000  10799.99999968568         681.8870394369605         6544.962499510412         1138.420127677934         -7.227080410338471        0.2804935478155933        2.716249157750688         6678.136300020206         5.106290198190923e-14     22.9999999999999          59.99999999999984         0                         25.8670242666094
