TargetSat.UTCGregorian,TargetSat.ElapsedSecs,TargetSat.EarthMJ2000Eq.X,TargetSat.EarthMJ2000Eq.Y,TargetSat.EarthMJ2000Eq.Z,TargetSat.EarthMJ2000Eq.VX,TargetSat.EarthMJ2000Eq.VY,TargetSat.EarthMJ2000Eq.VZ,TargetSat.Earth.SMA,TargetSat.Earth.ECC,TargetSat.EarthMJ2000Eq.INC,TargetSat.EarthMJ2000Eq.RAAN,TargetSat.EarthMJ2000Eq.AOP,TargetSat.Earth.TA
01 Jan 2026 03:31:12.745  12672.7446471923          -5553.558151261394        -3471.788007478027        1304.677865742546         4.47050091985501          -8.442012431510982        -3.435093683029635        24421.15297796036         0.7265429561802965        22.99999999999988         59.99999999999984         150.0000000155283         0
