CislunarSat.UTCGregorian,CislunarSat.ElapsedSecs,CislunarSat.EarthMJ2000Eq.X,CislunarSat.EarthMJ2000Eq.Y,CislunarSat.EarthMJ2000Eq.Z,CislunarSat.EarthMJ2000Eq.VX,CislunarSat.EarthMJ2000Eq.VY,CislunarSat.EarthMJ2000Eq.VZ,CislunarSat.Earth.SMA,CislunarSat.Earth.ECC,CislunarSat.EarthMJ2000Eq.INC,CislunarSat.EarthMJ2000Eq.RAAN,CislunarSat.EarthMJ2000Eq.AOP,CislunarSat.Earth.TA
01 Jun 2026 00:00:00.000  0                         -4947.953543506153        4053.064461394707         1920.398043235261         -6.809572529019229        -7.313523865845575        -4.188036024194048        201598.4791098203         0.966976594183969         28.00705221251257         355.0463545184209         148.6701534049056         353.5675263649877
