CislunarSat.UTCGregorian,CislunarSat.ElapsedSecs,CislunarSat.LunaMJ2000Eq.X,CislunarSat.LunaMJ2000Eq.Y,CislunarSat.LunaMJ2000Eq.Z,CislunarSat.LunaMJ2000Eq.VX,CislunarSat.LunaMJ2000Eq.VY,CislunarSat.LunaMJ2000Eq.VZ,CislunarSat.Luna.SMA,CislunarSat.Luna.ECC,CislunarSat.LunaMJ2000Eq.INC,CislunarSat.LunaMJ2000Eq.RAAN,CislunarSat.LunaMJ2000Eq.AOP,CislunarSat.Luna.TA
06 Jun 2026 11:46:33.301  474393.3005006053         -7589.668943927041        1474.675012193329         574.2339058555663         -0.105864842743715        -0.4484254020144492       -0.2476296892245228       4946.5671298212           0.5673297366033744        28.63091716594115         356.8236341875157         351.1078576839904         179.9999987925817
